username,fide,rapid_rating_best,rapid_rating_last,rapid_rating_rd,rapid_record_win,rapid_record_draw,rapid_record_loss,blitz_rating_best,blitz_rating_last,blitz_rating_rd,blitz_record_win,blitz_record_draw,blitz_record_loss,bullet_rating_best,bullet_rating_last,bullet_rating_rd,bullet_record_win,bullet_record_draw,bullet_record_loss
123lt,0,2550,2477,67,34,17,14,2707,2704,50,751,138,688,2824,2725,79,255,23,197
7hanat,0,2717,2260,67,140,6,15,2988,2988,84,552,159,410,2877,2545,45,7915,821,4171
a-fier,2600,2589,2457,79,71,31,44,2890,2787,37,1560,342,1024,2839,2670,79,198,18,144
abund,0,2581,2406,52,119,23,61,2888,2835,27,1628,334,1501,2882,2830,29,750,99,714
actorxu,2524,2714,2481,68,77,53,44,2927,2891,44,501,100,189,2625,2560,103,84,13,46
adham_fawzy,2476,2541,2408,102,21,5,13,2878,2793,62,2899,724,3034,3010,3012,31,469,55,335
adjorno,2271,2306,2282,114,12,1,11,2592,2378,45,2076,239,1880,2579,2431,25,229,23,164
adriananikolova,2389,2363,2176,77,368,34,58,2563,2479,31,3391,506,2945,2704,2504,29,4659,735,5299
agw2016,0,2330,2292,78,171,16,75,2681,2509,31,5867,966,4924,2719,2694,32,2240,251,1733
aidenrchess,2212,2324,2276,54,283,66,201,2523,2504,36,1413,187,1140,2423,2251,34,1768,173,1451
ajay_karthikeyan,2460,2495,2385,90,21,7,11,2768,2690,47,214,41,148,2742,2575,54,187,33,153
ajian,2209,2547,2279,58,205,28,157,2607,2393,36,7311,1402,6610,2615,2439,78,9071,900,7259
aknok,2341,2433,2302,78,49,3,13,2611,2549,88,1096,160,886,2493,2331,44,324,26,163
akshayraj_kore,2585,2000,1977,171,8,0,1,2745,2611,28,5070,752,3401,2610,2583,53,109,11,64
albertochueca,2350,0,0,0,0,0,0,2425,2341,74,428,19,123,2215,2215,106,59,2,37
aleksandar-topalov,2260,2184,1845,189,1,1,3,2545,2393,45,8236,1601,8873,2452,2273,137,101,9,62
aleksey_sorokin,0,2623,2598,92,33,6,8,2968,2931,55,3912,987,2546,2849,2842,82,443,76,313
alessiasanteramo,0,2284,2253,58,184,23,130,2481,2336,31,5002,673,5055,2529,2357,39,2668,277,2612
alexander_donchenko,2668,2789,2522,69,55,9,22,2928,2834,54,2152,411,1106,2901,2699,59,978,91,513
alexanderl,2706,2805,2617,63,174,54,31,2997,2965,47,1637,305,474,2815,2752,112,558,45,220
alexandrasamaganova,1884,2139,2037,95,56,10,39,2382,2219,48,2453,294,2228,2429,2366,33,2906,209,2052
alliswell998,0,2698,2642,80,37,11,25,2835,2737,53,6644,1288,7162,2856,2851,30,2363,354,2459
alphaperseii,0,2503,2204,56,24,4,26,2716,2363,55,64,13,96,0,0,0,0,0,0
anaiy,2240,2088,1898,166,129,13,180,2358,2255,50,922,99,772,2460,2286,35,1168,124,1015
andreikka,2709,2878,2676,64,81,36,33,3032,2908,52,1466,357,1094,3144,2910,121,885,113,765
andreyostrovskiy,2423,2747,2405,44,475,28,65,2808,2624,49,4923,775,3580,2649,2289,74,1642,130,1099
andrzej,0,2255,2182,152,11,3,3,2488,2365,52,1775,262,1344,2092,2242,47,91,9,28
anna_chess,0,2380,2200,258,8,1,0,2200,2052,88,251,22,99,2422,1939,63,161,15,107
annacramling,0,2265,2236,59,70,12,67,2281,2211,34,3675,487,4076,2236,2183,33,1355,131,1267
annamaja,2138,2251,2128,82,29,3,15,2469,2290,28,2259,227,2082,2537,2445,51,1194,123,935
annawel,0,2726,2677,56,38,12,15,3030,2850,90,1603,294,1123,3162,3130,88,2987,244,1205
anthonylevin,0,2195,2183,68,64,8,30,2256,2112,79,1830,221,1373,2042,1881,71,134,13,112
antipov_mikhail_al,2594,2609,2582,63,105,33,49,3017,2977,34,2234,316,1319,3012,2881,42,446,40,261
anton_demchenko,2654,2835,2532,55,154,42,119,3030,2972,29,3593,730,2644,2828,2766,58,381,47,376
antonsmirnov,0,2637,2425,68,39,9,22,3088,2924,43,4397,1081,4023,2962,2731,99,499,65,380
arnosack,0,2250,2138,103,23,6,15,2275,2187,124,270,23,185,2482,2308,79,71,3,40
attilaturzo,2312,2338,2272,106,303,49,117,2619,2527,40,1709,320,1419,2487,2320,139,235,22,170
avitalbor,0,2733,2537,83,22,3,11,2919,2803,46,2154,527,1821,2796,2681,132,249,36,216
aygehovit1992,2453,2504,2413,64,88,30,81,2794,2671,39,2330,450,2119,2746,2666,37,833,111,813
badlyplayed,2106,2293,2071,40,96,15,78,2383,2205,41,3951,362,3191,2029,1907,33,912,44,821
baku_boulevard,0,2759,2738,66,43,25,10,3114,3107,50,602,149,312,3154,3091,77,182,14,136
banzeus,2405,2128,2128,156,9,1,1,2706,2576,30,3718,534,3235,2538,2398,93,139,14,103
barzed,2575,2811,2368,75,97,38,15,2937,2780,52,335,82,160,3009,2906,117,635,42,327
batcu,2280,2200,618,347,1,1,2,2366,2248,73,626,65,442,0,2034,248,0,0,1
beanscreen,0,2738,2377,49,316,40,135,2823,2725,27,7350,1030,5127,2856,2856,39,3685,219,1328
bennyficial,0,1470,1424,201,2,1,1,2270,2155,52,1735,233,1682,2337,1571,78,376,41,275
bigfish1995,2701,2764,2670,56,215,80,80,3174,3074,35,5894,1275,4060,3231,3053,31,3681,556,3345
billcoe,0,0,0,0,0,0,0,2193,2052,24,2681,581,3227,2134,2045,141,171,11,135
billiekimbah,0,2764,2612,59,139,96,86,3030,3005,53,694,147,345,3040,2869,91,51,10,44
bilodeaua,0,2838,2578,69,51,25,52,3010,2971,33,2769,485,2236,2985,2777,101,523,67,459
bipe137,0,2372,2307,86,53,4,43,2750,2522,32,5498,1095,4681,2745,2543,40,4788,591,3948
blitzking1729,2404,2382,2379,58,49,12,24,2825,2658,38,2741,684,2767,2660,2525,56,406,61,466
blitzstream,2288,2644,2642,222,117,2,9,2883,2782,20,15956,3488,13560,2780,2701,84,3175,294,2407
bobdakow,0,2157,2089,133,27,3,8,2074,1989,71,199,28,178,2527,1998,79,15,1,22
bogdandeac,2700,2919,2631,63,59,47,39,3105,2970,32,4634,1302,2784,2951,2879,82,700,66,513
breathechessalways,2178,2320,2312,52,211,38,116,2409,2336,57,432,57,322,2485,2467,43,483,40,313
burgsvik,2123,2251,2195,44,75,19,61,2470,2239,20,8355,1059,7548,2215,2023,66,446,22,107
c_h_e_s_s_k_i_l_e_r,0,1877,1723,100,21,2,33,1973,1959,51,170,21,171,2136,2032,30,703,46,718
caisachess,2254,2131,2077,81,16,10,16,2551,2314,38,3294,722,3520,2390,2346,68,459,75,507
cayse,0,2650,2605,55,78,28,42,2912,2865,42,524,72,276,2658,2623,66,50,2,35
chansen64,2300,2134,2060,81,14,8,12,2600,2600,45,246,56,155,2304,2282,64,119,4,65
charlyaz,2386,2324,2324,64,119,14,49,2386,2314,67,1129,76,762,2517,2330,80,3263,175,2505
chegueps,2403,2464,2303,181,23,1,1,2803,2722,38,880,79,668,2753,2626,46,430,33,320
chelsiemonica,0,2242,2210,121,62,20,21,2510,2480,58,804,126,539,2676,2449,38,5124,640,4448
chess_cryptoworld,0,0,0,0,0,0,0,2591,2503,32,1060,208,1226,0,0,0,0,0,0
chessaintfun,2369,2425,2388,85,17,1,7,2780,2665,30,3904,866,3999,2775,2758,76,493,77,589
chesscoach_golichenko,2413,2554,2284,72,1150,150,182,2672,2532,50,2649,308,988,2682,2564,42,774,69,325
chessczar11,0,2303,2303,156,219,25,58,2214,2109,80,1214,116,679,2089,1828,27,7430,295,5032
chessdude1987,2203,2441,2209,62,32,5,41,2435,2335,43,962,98,1033,2322,1936,66,84,3,100
chessenthusiastone,0,0,0,0,0,0,0,2537,2529,57,97,19,71,2089,2089,117,6,1,1
chessialist,2472,2551,2346,104,19,10,16,2935,2668,49,1464,293,1043,2557,2503,44,59,7,61
chesslh19,1967,2436,2427,35,603,161,201,2424,2335,29,4063,1641,3991,2154,1974,98,26,7,9
chesslover0108,2540,2782,2579,61,52,26,36,2964,2911,39,1463,174,902,3025,2969,54,361,48,314
chessmatic242,0,2136,1852,35,10763,1095,14325,2012,1728,90,3517,270,4785,1997,1726,144,16,0,39
chessqueen,2550,2622,2460,84,61,46,83,2817,2737,40,2391,518,1217,2779,2672,87,663,96,474
chezhoosier,2225,2056,2094,46,51,6,37,2275,1959,89,260,21,118,2124,2274,136,6,1,0
chika-lily,2156,2593,2445,93,208,15,3,2806,2801,69,409,21,63,2820,2810,59,739,31,288
christoph_scheerer,0,2422,2341,76,15,2,10,2565,2487,60,147,22,72,0,0,0,0,0,0
christopheryoo,2535,2871,2663,61,253,73,107,3043,2955,28,5026,939,2574,3076,3044,46,1495,259,982
ckgchess,3000,2542,2490,71,25,9,17,2904,2834,31,1922,338,1299,3072,3045,39,1066,136,768
clydehillkid,0,2387,2337,76,542,65,437,2709,2631,31,4092,700,3930,2624,2523,54,1939,242,1788
coachhakia,2072,2235,2235,125,40,17,21,2213,2212,94,185,33,148,2359,2153,50,592,58,542
coachjkane,2378,2516,2481,138,8,2,2,2764,2701,19,10175,2028,8985,2821,2703,16,21288,3089,19117
coachpoker,0,2500,2478,54,97,44,39,2801,2691,24,998,456,820,2655,2600,38,273,71,293
coalescenet,0,2250,2055,87,129,22,88,2426,2262,61,4057,570,3472,2501,1976,57,2759,238,1940
colchonero64,0,2700,2478,111,2,2,6,3080,2807,71,99,30,48,2260,2850,152,5,0,0
colombiano07,2032,2468,2295,67,114,22,37,2495,2367,29,3251,512,2323,2485,2311,30,1902,269,1582
crazymartian,0,2379,2108,128,32,6,8,2505,2320,43,1744,277,1232,2577,2445,22,3526,484,3058
crgkrishna,2478,2327,2223,130,25,6,9,2794,2746,50,662,98,430,2667,2515,59,271,27,199
cruel_yaro,2718,2674,2573,88,34,9,9,2943,2851,126,1854,331,1022,2799,2481,171,484,41,275
cschess,2320,2311,1628,192,51,4,4,2191,2067,192,988,52,310,2019,1665,114,1614,78,908
dadice10,2247,2378,2355,20,788,230,744,2324,2241,34,951,239,1117,0,0,0,0,0,0
dalmatinac101,2660,2870,2648,106,24,14,13,3016,2903,102,1988,655,1525,3109,3098,52,221,21,125
damianolew95,2380,2408,2408,43,434,96,128,2724,2690,31,2967,512,1732,2824,2609,32,5595,578,2588
danielnaroditsky,2600,2919,2555,93,23,14,13,3213,3120,23,19439,4040,10098,3553,3306,23,26375,2974,13228
danielrensch,2416,2541,2541,225,446,55,132,2632,2509,59,2079,230,1378,2855,2516,89,4977,534,3261
darkalekhine,0,2494,2454,75,20,3,13,2804,2574,66,3698,566,3815,2742,2720,158,92,8,79
daro94,0,2735,2548,68,92,55,60,3020,2906,36,2695,783,2283,3055,2977,43,722,105,570
dashzapper,0,0,0,0,0,0,0,2641,2604,28,1286,277,1318,2523,2523,47,69,8,74
david_arutinian,2549,2466,2464,92,57,5,11,2942,2780,37,2241,514,1203,2940,2762,34,717,97,433
dawidczerw,2401,2511,2437,68,410,51,127,2590,2469,43,5486,683,3839,2569,2407,68,1896,165,1556
dedic8,2545,2526,2476,86,14,7,14,2877,2782,71,1305,226,935,2725,2786,28,532,80,538
dehtiarovroman,2300,2398,2366,37,97,11,54,2740,2740,30,751,106,550,2395,2306,52,137,10,15
denlaz,2515,2808,2705,57,57,41,19,3061,3003,45,1561,397,851,3104,3104,66,758,89,549
diablanni,0,2249,2350,100,17,2,4,2606,2576,66,1338,133,1017,2557,2513,18,1446,110,1151
didici,0,2458,2331,80,44,7,18,2887,2801,81,856,154,565,2873,2838,100,1403,173,919
dinabelenkaya,0,2039,2039,111,54,7,42,2506,2338,38,1730,288,1787,2449,2387,70,192,32,334
dirk_da_player,0,2303,2303,57,91,21,47,2499,2310,24,18709,2644,16428,2047,2047,67,41,0,11
dixit_nikhil,2331,2569,2407,91,29,8,8,2630,2546,64,1089,289,1023,2672,2522,89,1468,305,1658
domalchukjonasson,2300,2420,2409,63,55,6,21,2742,2665,35,897,131,649,2777,2594,38,2431,368,1926
dosto07,0,2300,2260,64,119,52,80,2603,2409,19,7430,1912,9116,2351,2153,42,791,85,1077
dr-bassem,2700,2964,2504,136,11,6,8,2876,2822,94,504,74,343,2819,2893,50,79,7,91
dragonzprem,2304,2545,2545,182,1,0,0,2697,2535,57,3933,408,3371,2603,2536,30,2460,193,2286
drags95,0,2609,2427,105,26,11,9,2885,2863,78,1394,299,982,2973,2764,97,32,21,101
dropstonedp,0,2975,2585,68,121,99,74,3132,3015,23,5037,1649,3116,3139,3139,32,209,50,142
druid24,0,2461,2440,59,51,7,21,2667,2556,38,210,33,182,2427,2427,67,31,0,4
ducksparadise,2297,2105,1946,181,22,0,4,2580,2500,28,2007,269,1809,2416,2416,37,556,32,506
durarbayli,2711,2732,2579,62,60,25,37,2979,2908,31,2335,460,1820,2860,2821,48,411,61,340
econpower,0,2271,2205,101,11,5,15,2820,2732,39,2311,719,2718,2800,2702,63,1150,214,1420
ehrenfeld,0,2277,2277,109,11,1,13,2619,2608,26,5644,1078,5311,2117,2156,81,15,2,8
elcoachrene,2000,2300,2245,42,1560,294,1158,2294,2212,43,4544,695,4456,1994,1929,35,2985,299,2399
elm2007,3000,2038,1929,144,208,39,204,2894,2710,83,1769,296,1652,3157,2882,42,14978,1319,15160
eltaj_safarli,0,2729,2632,87,23,12,11,3111,2918,55,578,192,254,3085,2874,86,457,52,276
eltrain1971,2250,2346,2346,252,1,0,0,2403,2277,43,2775,202,2396,2267,2195,27,10308,594,8267
emiliochess,2080,2222,2215,75,780,37,172,2440,2232,27,3728,385,2056,2650,2406,28,2692,353,2267
erikronka,2355,2452,2253,69,33,4,23,2593,2434,34,3568,610,3572,2667,2532,59,344,38,346
ervanovic,0,2125,2125,118,5,7,8,2651,2583,111,349,30,196,2511,2035,52,227,13,149
esrosenberg,2234,2378,2307,51,766,228,532,2466,2429,21,8152,1452,7074,2287,2040,45,470,52,398
et_050673g,2302,2220,2143,103,13,0,7,2464,2396,44,1277,114,1325,0,0,0,0,0,0
euromust,2233,0,0,0,0,0,0,2305,2061,118,346,30,205,2322,2187,50,138,9,66
europe03,0,2279,2279,97,15,2,6,2523,2409,93,273,55,249,2277,2421,49,101,17,81
ezkybel,2200,1806,1806,348,3,0,0,2587,2524,108,807,92,653,2451,2257,62,1070,96,820
fahmiaac,2129,2338,2338,149,13,3,1,2637,2472,32,972,56,745,2129,1992,42,191,13,175
fandorine,2643,2770,2579,70,48,20,26,3036,2899,36,1987,413,1012,3017,3015,42,330,57,255
fawolizzo,2214,2295,2209,100,48,5,22,2315,2283,36,1119,99,911,2138,1947,69,300,29,215
fiona,2200,2118,1935,88,88,11,26,2380,2122,50,1214,142,758,2409,2232,33,1797,211,1201
fischwitsch,2200,2471,1956,193,45,5,20,2317,2230,68,2479,219,1611,0,0,0,0,0,0
fmolexandrprohorov,2086,1952,1397,186,7,1,10,2509,2218,69,486,116,741,2213,2198,68,323,25,319
fmstan15,2055,2054,2054,105,160,22,63,2233,2032,31,5370,570,3159,2062,2021,102,403,25,237
forevery0ung,0,2459,2439,86,115,19,49,2735,2618,27,6144,994,6128,2488,2434,43,1024,117,962
formerprodigy,2676,2943,2707,75,67,17,14,3009,2931,54,598,122,283,3044,2789,93,32,7,8
fortitudine,2218,2300,2208,112,32,1,8,2377,2315,85,674,124,615,2479,2479,120,2471,155,1719
fpawn,2200,2357,2276,61,862,185,300,2428,2312,26,8736,1924,6971,2301,2219,17,706,105,546
frederiksvane,2577,2545,2451,89,222,22,37,2990,2941,30,2787,599,1683,3004,2900,41,1124,136,757
frenchfries07,1923,2117,2031,62,369,35,216,2019,1987,65,648,45,458,1950,1950,130,12,3,18
fridaywins,0,2289,2260,89,14,1,8,2328,2266,66,251,33,216,2225,1879,65,86,7,59
funbettor,2161,2353,2323,105,26,3,9,2220,2078,62,730,74,535,1965,1884,84,103,11,54
gabrielian_artur,2465,2844,2405,58,26,6,30,2850,2788,58,1377,293,974,2810,2706,151,31,5,47
gakashchess,0,2621,2407,161,5,5,4,2730,2624,66,42,5,31,2866,2657,63,37,3,23
gausal,0,2100,2006,163,1,1,2,2315,2294,45,3711,684,4192,1981,1761,57,483,59,556
gazpacho210,0,2255,1993,105,12,4,15,2459,2120,74,357,28,263,2362,2039,129,11,1,16
gelosterky,2216,2363,2363,142,17,0,1,2745,2706,68,132,15,67,2671,2580,44,303,28,230
gena217,2575,2661,2535,104,40,16,13,3030,2950,71,2797,713,1769,2975,2907,48,806,127,485
georgiossouleidis,0,2634,2335,84,17,6,9,2691,2637,28,4494,911,3155,2680,2600,44,285,15,142
georgmeier,2653,2924,2614,91,39,26,17,3059,2883,41,3578,1060,1961,3023,2749,29,4200,575,2359
gertsog,2305,2257,1801,189,32,3,3,2314,2235,58,438,33,333,0,0,0,0,0,0
gguseinov,2665,2771,2601,64,165,60,26,2967,2920,64,362,88,115,3028,2921,60,90,15,81
gianmarcovar,0,2422,2367,57,110,17,42,2834,2564,32,3426,561,2765,2950,2828,30,1648,218,1655
giorgichess,0,2434,2306,93,39,3,15,2561,2561,64,481,57,290,2485,2446,56,910,78,588
gm3t,2346,2508,2487,92,37,7,13,2518,2495,69,251,8,50,2000,2500,88,21,0,5
gmarunchess,2634,2123,2123,228,4,1,3,2789,2785,177,138,12,49,2659,2547,134,845,86,621
gmbenjaminbok,2635,2715,2592,62,395,66,63,3038,2948,34,3621,732,1551,3060,2953,51,476,47,462
gmcanty,2317,2543,2457,158,97,10,19,2671,2602,56,6343,560,2786,2774,2610,24,10293,590,4752
gmcorrales,2640,2539,2158,145,4,5,5,2972,2863,24,7245,1192,6941,2880,2845,85,1449,130,1569
gmharikrishna,2768,2869,2482,100,7,8,6,3055,3030,43,514,185,498,3020,3020,172,618,114,569
gmhess,0,2664,2444,78,87,8,61,2949,2808,39,9573,1111,6019,2901,2813,62,5572,451,3023
gmkrikor,2560,2630,2432,108,162,24,66,2974,2811,37,11329,2000,5478,2888,2790,29,4335,306,1652
gmmatamoros,2498,2430,2323,112,12,8,11,2683,2660,68,802,67,210,2684,2547,23,642,57,375
gmneiksans,2611,2742,2519,213,15,4,1,2948,2798,40,2187,468,1358,2883,2722,97,336,31,198
goran_galiot,0,2287,2189,86,21,5,15,2652,2509,16,37929,3717,33015,2476,2102,61,5468,278,5125
gordima,2559,2542,2493,65,32,6,15,2904,2904,118,1514,288,1063,2884,2736,49,951,135,818
greatunknown,2100,0,1800,117,0,0,1,2172,1935,39,10007,800,9033,1800,1573,188,21,2,35
groovykettle,0,2623,2500,79,22,7,13,2992,2865,41,1651,597,1818,2946,2879,68,680,91,609
guzman70,0,2134,2115,107,86,13,24,2428,2383,34,1950,276,1101,2235,1973,57,3180,231,1369
hansen,2615,2805,2530,84,58,25,43,3042,2903,38,6663,715,3314,3265,3081,32,8702,550,5173
hansontwitch,0,2719,2711,43,67,34,44,3042,2964,52,857,178,604,3227,3007,63,1326,139,1040
harlem4brew,2394,2359,2343,70,144,13,67,2801,2672,34,5033,738,3891,2804,2758,33,2152,199,1369
helissalt,2290,2148,2148,114,11,0,15,2471,2407,77,262,46,198,0,1760,274,1,1,6
hellokostya,2412,2545,2297,63,77,16,44,2620,2547,38,2380,437,2234,2597,2529,82,4014,550,3861
hikaru,2814,2927,2839,55,142,142,30,3332,3201,27,23297,3129,4051,3570,3319,31,10356,607,1436
holep,0,0,1187,337,0,0,1,2420,2407,119,212,22,176,2473,2322,86,5506,613,4988
honestgames,2407,2437,2437,94,29,4,15,2914,2813,48,1038,201,817,2885,2811,52,128,17,97
hrant_chessmood,2663,2947,2562,64,41,13,26,3085,2806,38,3421,802,2292,2961,2961,91,171,19,94
hypercar,0,2274,2222,198,9,0,2,2663,2463,47,638,116,494,2759,2538,36,2749,453,1946
iarenotthinkso,0,2452,2409,85,21,4,8,2694,2661,81,57,3,3,2822,2822,211,47,0,0
igor_kowalski,0,2486,2486,205,28,0,0,2845,2813,64,1204,205,771,3110,3101,23,8035,584,3611
igorbjelobrk,2407,2614,2614,103,44,7,9,2792,2671,28,6306,1239,4932,2659,2637,49,337,27,201
illingworth,2690,2877,2612,107,10,6,5,2956,2875,54,1827,217,777,3064,2865,75,818,71,277
imdvb6307,2302,2368,2287,72,73,17,52,2549,2532,74,466,102,340,0,0,0,0,0,0
immatt64,0,2521,2415,70,177,18,22,2723,2698,113,662,73,234,2614,2429,30,2599,227,1563
imrosen,2450,2478,2427,81,65,11,37,2775,2617,42,1729,206,1062,2880,2734,38,4929,518,3188
incredible64,2222,2116,2116,118,9,5,9,2330,2201,73,548,48,422,2318,2165,31,1039,83,826
infernal_xam,0,2877,2602,67,91,42,86,3005,2799,111,2037,405,1332,2994,2925,75,786,89,537
irishchessman16,0,2376,2184,136,59,13,36,2592,2497,57,617,69,642,2479,2272,99,53,6,45
italianmachine,2200,2353,2181,61,284,30,72,2473,2281,49,11563,1188,8176,2423,2234,123,2101,141,1246
iturrizaga,2652,2772,2741,67,44,19,7,2990,2825,82,528,74,286,3036,2800,104,486,44,365
j2806,0,2017,2017,80,298,59,230,2243,2139,63,1424,279,1643,2055,1948,98,65,4,69
j_coca,2060,2088,2043,74,346,25,130,2415,2105,48,3621,301,1246,2372,2153,92,766,29,312
jacek_gesicki,2223,2268,2204,126,6,1,2,2478,2478,89,50,4,15,2329,2261,22,140,14,123
jackrodgers,2170,2366,2264,33,349,108,351,2669,2478,25,14006,2905,14245,2745,2495,31,20374,3804,21708
jahonas,2380,2362,2212,58,28,4,20,2530,2356,46,1244,237,743,2464,2305,26,4765,398,2637
jamesg478,0,0,0,0,0,0,0,3005,2921,25,2533,472,1650,3010,2890,52,272,28,170
jcibarra,2569,2791,2578,60,80,32,42,2972,2909,29,2495,422,1030,3035,3001,23,2457,225,1289
jefferyx,2550,2838,2767,52,127,86,50,3107,3032,42,1571,382,498,3211,3070,58,537,78,282
jiihart,2150,2126,1999,82,22,8,45,2254,2183,41,391,130,968,2347,1742,56,145,8,118
jij2018,2300,2314,2222,101,120,32,55,2499,2487,80,200,40,102,2231,2231,94,33,2,21
jlucasvf,2544,2482,2462,142,15,3,3,2932,2805,33,997,244,639,2825,2637,139,122,17,94
joachimmouhamad,0,2375,2375,42,467,48,117,2605,2407,31,4947,663,4182,2470,2321,75,293,24,176
joao_dianda,2000,1161,2000,216,1,0,1,2331,2176,82,2723,247,2326,2358,2104,27,9944,756,8436
jocmil,2315,2385,2326,109,184,31,36,2603,2556,69,1557,328,799,2608,2598,70,638,78,271
joker_gumble,0,2462,2442,66,33,2,9,2482,2394,59,614,82,538,2468,2403,80,397,52,403
jonesmurphy,2025,2024,1814,248,24,7,6,2000,2000,290,1,0,0,2010,1037,44,856,17,858
jorquerino,2233,2390,2251,74,129,40,77,2455,2388,54,1433,218,957,2364,2175,50,918,68,742
joshukid,2421,2672,2311,106,11,3,7,2860,2628,40,9067,1517,7836,2771,2608,75,5631,868,4654
josiur,0,1792,1792,140,6,0,2,2527,2315,45,3026,531,3348,2533,2533,243,1189,128,1251
jospem,2620,2744,2631,51,321,116,98,3121,2960,27,11801,2043,5878,3201,3078,24,4884,574,3080
juniortay,2230,2413,2144,110,11,0,8,2585,2311,28,3865,404,3370,2392,2211,37,6375,370,6192
jup1978,0,2370,2086,250,1,0,1,2591,2536,29,4343,1192,4924,2415,2284,39,734,84,494
k_a_s_t_o_r,0,2700,2505,56,66,19,40,2965,2870,41,3949,730,2669,2858,2741,45,1833,138,1379
kacparov,2448,2673,2572,61,1249,131,111,2992,2919,55,664,212,351,3001,3001,59,6170,632,1257
kanthecarowin,2320,2465,2348,57,355,33,212,2650,2490,42,3961,547,3524,2666,2505,36,3291,388,2658
karatebaby,0,2350,2215,87,252,53,81,2575,2412,33,7399,936,5793,2808,2504,36,14303,1642,13824
karttunen,2496,2526,2352,89,37,5,7,2709,2578,29,2661,398,1692,2658,2539,35,206,28,164
ketitsatsalashvili,2365,1433,1425,314,2,0,2,2431,2305,41,502,114,415,2535,2377,40,1459,162,1363
kielinkei,0,2342,2239,62,81,18,43,2469,2414,27,1257,227,867,2481,2472,70,886,80,632
kirillshevchenko,2655,2810,2463,117,43,16,13,3038,3026,54,1214,280,708,2960,2928,79,1219,211,1052
kobalia,0,2522,2346,108,24,17,19,2862,2733,59,595,118,300,2474,2447,200,1,1,3
koksal06,0,2532,2439,42,67,21,38,2627,2627,88,171,37,60,2849,2717,60,477,45,250
konavets,2511,2772,2754,56,89,58,34,3125,3125,41,2913,566,1514,3146,3022,36,795,93,477
konzip22,2222,2049,2043,79,16,3,9,2368,2207,49,1698,247,1674,2397,2366,63,317,28,314
kopi_siew_dai,0,0,0,0,0,0,0,2519,2303,31,2021,412,1608,1505,1505,130,12,0,3
kosmeg,2416,2433,2299,82,19,7,15,2665,2638,60,2290,323,2390,2489,2454,97,383,31,415
kpio91,2609,2800,2372,100,12,9,20,2994,2933,69,1568,304,716,2994,2688,54,1363,97,426
kuybokarovtemur,0,2671,2508,95,25,15,9,3015,3015,82,98,9,47,2874,2817,93,6,1,9
l4ncer,0,2484,2111,138,3,1,4,2291,2150,44,367,36,288,1967,2250,79,23,0,14
lanshou,2493,2452,2351,123,10,3,4,2776,2706,68,2524,485,2126,2632,2632,90,1396,186,1198
lastgladiator1,2512,2620,2583,58,72,24,51,2947,2880,45,1314,197,1108,3036,2885,56,744,71,637
lastherojr,0,2573,2402,72,19,1,11,2690,2497,71,746,79,664,2676,2551,51,997,125,1076
lastreetcmamaison,0,2451,2428,85,14,2,9,2801,2622,73,459,64,314,2771,2735,67,1770,175,1342
laura_smith,2000,2006,1836,96,11,1,10,2048,2018,84,55,3,36,2248,1937,121,5,0,5
lawrencetrent,2429,2257,2126,143,10,0,4,2763,2614,62,2456,288,1528,2691,2661,63,441,49,351
legbreaker,2350,2467,2467,260,2,1,1,2541,2341,29,2067,312,1825,2335,2189,62,174,19,180
liemle,2728,2739,2663,64,85,58,47,3042,2994,77,766,233,393,3121,3121,83,189,34,85
lilekoridze,0,2356,2145,48,341,78,258,2535,2404,34,1778,278,1665,2587,2457,31,2095,210,1708
lion-al-messi,2200,2384,2335,52,137,14,93,2662,2630,39,1791,199,1582,2711,2532,42,423,52,425
logman74,0,2382,2296,78,42,10,40,2589,2461,42,1509,283,1864,2366,2288,42,395,39,531
londonkid,0,2422,2307,82,217,52,125,2630,2622,32,4015,839,3620,2657,2593,30,924,125,679
louis198,0,2289,2238,101,71,11,31,2743,2636,28,8310,1907,8960,2615,2505,54,347,50,358
luckismyskill,2490,2586,2324,143,4,3,2,2883,2732,68,1158,257,886,2982,2747,81,536,78,406
luisfsiles,2275,2241,2195,110,72,9,28,2426,2348,28,3808,447,3366,2291,2291,120,152,11,146
luizzy,0,2420,2419,69,82,15,27,2718,2621,28,2847,365,2176,2735,2575,28,2007,210,1368
luklei18,0,2432,2408,80,15,4,8,2604,2537,62,51,10,43,2476,2429,80,19,2,10
lunow,2337,2368,2259,70,19,3,13,2377,2191,34,1124,166,1282,0,0,0,0,0,0
lyonbeast,2780,2863,2726,74,26,16,10,3143,3106,43,1336,360,487,3224,3055,42,988,147,475
m-garcett,2064,2196,2077,137,55,5,27,2255,2071,52,2627,264,2580,2064,1898,100,206,16,205
m_hassen,2338,2479,2479,290,1,0,0,2260,2206,71,2483,158,1465,1273,1423,307,1,0,0
magmachess02,0,2280,2049,86,32,8,55,2432,2214,34,885,131,965,2458,2282,38,494,62,413
magzypotato,0,2340,2328,68,210,23,130,2526,2429,88,4905,423,4546,2597,2491,53,3153,273,2791
manfroi-alexander,1736,2099,2086,59,27,6,22,2266,2141,32,1034,158,1107,2275,2203,27,998,127,1091
manitodeplomo,0,2414,2362,60,132,32,73,2742,2609,42,3300,609,2820,2767,2602,37,7714,836,7666
manukyan_artak,2196,2429,2407,54,92,40,53,2579,2486,25,10344,2402,10509,2403,2206,72,1008,100,809
marchogdewr,2300,2045,2323,77,51,3,4,2418,2396,36,2114,396,1565,2181,2172,35,688,25,261
marcoriehle,0,2575,2566,77,98,23,30,2927,2777,38,3497,609,2431,2814,2684,72,487,35,196
marty435,2620,2597,2444,82,319,50,120,2865,2838,59,4005,573,3245,2818,2753,25,4453,443,3381
matenitian,0,2382,2327,59,160,27,113,2596,2550,22,8000,915,7885,2592,2468,36,14284,754,12980
mattydperrine,2286,2494,2352,81,144,15,59,2654,2527,40,5890,657,6120,2678,2621,27,4265,406,6026
maulo09,2141,2391,2367,87,141,21,73,2689,2583,53,6074,795,4618,2634,2374,22,2589,201,2011
mbojan,2486,2404,2354,52,49,8,37,2935,2867,25,11277,2324,11416,2828,2805,67,1070,79,765
meotintin,2103,2340,2334,82,18,3,10,2620,2605,79,39,2,10,2359,2212,30,242,32,305
mfreemannz,2203,2218,2218,332,2,0,0,2200,2139,183,97,5,23,2210,1947,156,16,0,10
mikasinski,2221,2390,2359,91,97,8,38,2764,2572,33,6051,862,4630,2678,2593,46,1130,133,871
mikeklein,2326,0,2227,100,0,1,0,2351,2347,45,509,47,253,2221,2091,133,330,22,141
mikesailer,2233,2232,2123,45,675,120,250,2325,2134,29,5724,853,4479,2372,2146,22,10539,1099,8339
mikhail_golubev,2461,2403,2390,77,95,26,45,2643,2495,32,2387,441,1995,2413,2413,144,463,40,203
mikhal867,2295,2382,2277,63,21,5,15,2531,2443,45,535,87,584,0,0,0,0,0,0
mikromurks,2278,2143,2022,174,1,0,3,2438,2205,37,1560,146,1308,2611,2289,40,1724,88,1073
mishanick,2631,2977,2752,62,153,83,73,3135,3001,23,9517,1626,5475,3130,3032,60,1665,199,1163
miterryble,2514,2635,2582,59,459,61,49,3058,2917,31,8100,1433,1976,3206,3011,36,9000,747,3390
mitrabhaa,0,2758,2529,63,155,37,50,2970,2820,34,1331,217,1155,3176,2859,37,2369,287,2483
mlyagl,0,2534,2370,93,53,3,24,2754,2581,45,773,181,743,2749,2473,72,185,13,66
molecularchemist,0,2500,2410,65,676,34,39,2962,2901,34,1297,252,796,3101,3087,22,2873,278,1347
molton,2500,2729,2436,131,31,13,7,2943,2796,54,2213,397,1526,2780,2719,106,440,27,200
moonlight89,0,2481,2387,95,21,5,7,2646,2630,106,449,58,281,2569,2735,104,484,35,279
moro182,0,2623,2511,122,49,9,14,2943,2891,27,2681,529,1819,2883,2754,38,1195,104,563
morte-negra,0,2073,1997,138,42,6,32,2080,1959,41,2719,210,2879,1942,1932,78,37,5,41
mrchesssponge,2213,2501,2224,91,17,3,7,2605,2463,33,3299,710,3495,2486,2245,44,465,50,405
mrkooshachess_twitch,2227,2267,2267,86,135,19,20,2740,2700,39,1867,370,1164,2836,2758,27,4831,723,3322
mrmotley,2507,2747,2374,119,15,10,2,2712,2712,115,91,23,45,2796,2752,58,227,33,117
mrrooke6,2306,2487,2370,172,14,1,2,2748,2581,56,1886,247,1894,2624,2602,45,355,27,363
msb2,0,2692,2608,61,251,47,53,3102,3003,21,6274,1084,3503,3124,3015,31,3023,216,910
nau64,2304,2309,2273,81,97,27,31,2400,2273,45,733,109,315,2204,2054,48,2413,132,594
navnp04,2140,2291,2221,85,242,24,170,2577,2417,62,2647,284,2062,2601,2482,50,3685,338,2995
nemsko,2213,2410,2190,131,11,5,13,2547,2350,25,2806,664,3327,2614,2397,44,3441,589,4521
nesty_javi_chess,2440,2657,2341,84,14,3,9,3028,2726,53,654,156,683,2840,2731,48,2043,317,2055
newauto,2086,2192,2150,33,1008,150,743,2253,2151,28,7155,681,6174,2208,1931,11,10991,760,10072
nguyenduchoa,2507,2348,2322,65,23,4,20,2743,2540,122,6152,651,5710,2489,2341,166,259,9,214
nicolas_delacolina,0,2456,2302,42,87,28,51,2662,2662,43,1834,385,1515,2754,2705,35,7582,1206,9101
nikotheodorou,0,2682,2641,59,40,32,15,3150,3122,42,1414,417,1256,3211,3078,39,766,145,814
nils_03,0,2432,2246,81,14,2,11,2569,2552,77,234,57,246,0,0,0,0,0,0
niranjannavalgund,0,2441,2191,126,16,8,17,2562,2507,72,762,130,659,2568,2453,73,517,36,334
nitalucian,0,2263,1704,189,1,1,2,2507,2311,20,3819,646,4713,2403,2334,18,244,33,266
njal28,0,2626,2625,56,78,34,47,3111,3012,33,1259,377,1147,3172,2983,24,561,98,463
nmzanette,2203,2273,2273,335,1,0,0,2418,2297,42,6538,1031,6905,2274,2117,118,746,83,783
normweinstein,2450,0,0,0,0,0,0,2558,2435,140,2968,565,1889,0,1064,219,0,0,3
norwaytoadog,0,2313,2113,71,59,13,56,2352,2196,54,898,129,1013,2215,2189,128,40,3,36
nubair1198,2457,2731,2580,69,54,10,16,2939,2710,73,1602,344,1427,2917,2700,34,3041,412,3292
nuestro64,0,1802,1607,92,56,13,59,1789,1430,35,3744,272,2727,1896,1334,26,2273,99,2219
nuidisvulko,0,2583,2416,114,9,7,2,2660,2518,101,35,16,21,2763,2585,120,55,2,14
nurgyulsalimova,0,2399,2317,107,21,12,9,2836,2724,32,2214,558,2330,2814,2764,60,972,145,792
odreamchess,2320,2377,2377,93,498,62,44,2824,2687,38,475,104,362,2754,2723,59,1047,100,574
ohanyaneminchess,2402,2449,2427,84,58,11,40,2925,2838,56,3743,680,3455,3211,2997,39,4042,496,2908
oldweakgm,2584,2637,2408,138,10,4,6,2917,2865,79,188,25,62,2676,2466,118,56,3,39
oleksandr_bortnyk,2604,2939,2667,52,206,51,85,3102,2989,31,5366,746,1739,3367,3168,21,9486,1007,5261
olksuna,0,2540,2197,129,3,4,6,2733,2702,47,561,118,368,2598,2598,115,10,0,1
oparingrigoriy,2667,2650,2599,56,162,115,83,3043,3003,39,3798,940,1674,3049,3008,73,2402,394,1469
orange_ghost,0,2740,2590,86,22,11,13,3037,2788,38,3463,827,4067,3333,3333,138,8763,755,7637
orest_vovk,2427,2438,2152,73,95,21,85,2703,2506,29,10453,2541,11042,2653,2408,103,1088,190,1062
oritaichman,2370,1990,1990,206,4,0,4,2715,2456,34,1928,254,1377,2658,2520,78,4507,413,3010
pantata007,0,2415,2368,72,309,24,30,2437,2336,68,3217,579,3662,2148,2085,82,320,43,340
papa12341234,2407,2518,2505,59,74,26,29,2805,2805,68,1045,263,1073,2798,2798,32,1369,268,1420
patzerplay,2264,2070,2070,349,3,0,0,2522,2487,75,298,27,232,2572,2527,50,975,110,928
pavlitas17,0,2369,2261,42,57,4,47,2456,2342,54,184,28,154,2550,2301,41,165,27,133
pavlov_sergey,0,2602,2414,84,31,9,12,2680,2554,88,135,21,56,2575,2572,151,3,1,2
pawneatingzombie,0,2231,2118,57,72,20,63,2335,2209,33,15830,1995,14814,2000,1787,70,405,16,124
payyappat,0,2333,2201,59,126,5,70,2511,2443,32,492,25,294,2333,2274,52,289,19,173
penguingm1,2538,2969,2438,56,557,87,91,3110,2964,38,3085,383,1793,3504,3149,35,16002,1248,8019
peonrojo150,2185,2468,2468,62,29,3,12,2730,2634,32,598,103,391,2709,2709,33,164,16,83
petrolulsah,0,2238,1965,91,292,21,30,2319,2174,53,554,94,539,2347,1881,83,29,2,36
photochess,2113,1800,1768,100,27,5,14,1974,1816,66,426,37,341,1893,1744,98,160,18,135
piinuma,2206,1930,1930,154,7,2,2,2627,2456,24,2365,204,1875,2595,2427,128,453,19,258
platy3,0,2642,2586,57,88,37,53,2985,2822,44,1559,367,899,3186,3009,22,3997,579,2963
plimsol,0,2480,2123,120,22,3,14,2508,2340,39,10610,760,7661,2442,2139,20,29316,1494,23272
promen1999,2600,2860,2543,68,63,28,46,2991,2753,79,1238,267,1097,2802,2833,59,122,21,88
psvidler,2683,2800,2696,71,16,12,8,3079,2963,73,328,103,101,3053,2809,149,14,12,31
pushingpawnsnyc,2158,2197,2053,140,5,1,4,2491,2340,30,823,82,991,2571,2320,26,755,50,1001
qnmeng,0,2471,2305,86,23,4,16,2823,2601,74,35,5,35,2564,2564,95,8,2,5
qqwow,2284,2442,2442,55,48,6,14,2579,2439,43,808,114,629,2780,2676,52,670,60,457
rakesh,2363,2329,2069,91,36,12,19,2568,2476,82,586,90,418,2675,2466,23,5987,569,5185
ranindu2003,2353,2373,2359,65,65,18,40,2811,2677,28,2879,347,2670,2744,2631,34,790,81,817
rasmussvane,2651,2632,2544,86,487,55,98,3032,2983,28,3010,592,1218,3104,3003,43,6661,549,2015
raunaksadhwani2005,2609,2710,2667,67,41,21,18,3097,3097,39,1395,389,792,3204,2965,19,3473,442,2458
reader777,0,2571,2571,63,70,20,28,2934,2826,31,2603,773,2488,2832,2787,67,133,16,145
real_karma,2245,2300,2300,253,2,0,0,2530,2356,55,138,32,168,2622,2410,33,4209,720,4505
redbandit87,2364,2395,2224,140,163,13,62,2518,2329,90,5053,632,3870,2596,2423,26,5568,605,3516
redbaron8888,2450,2508,2374,65,82,20,44,2655,2592,48,1110,186,866,2738,2738,112,784,97,579
rednova1729,0,2765,2572,109,31,4,8,3035,2995,49,526,152,375,3070,3001,57,1096,160,751
retropwr,2250,2488,2500,48,101,32,34,2574,2553,23,933,173,597,2500,2500,29,481,37,223
rezacz,2306,2372,2257,143,123,11,65,2582,2519,59,2290,301,1607,2600,2388,146,326,31,215
rezamahdavi2008,2303,2282,2273,119,44,9,8,2872,2767,43,770,82,435,3086,2925,31,2946,322,2649
rinqed222,0,0,2116,247,0,0,1,2335,2277,51,32,6,26,2352,2352,279,1,0,0
ripol,0,2373,2251,68,190,55,53,2459,2405,81,214,28,77,2279,2263,108,25,2,9
robram,2228,2305,2106,101,87,11,45,2518,2367,28,10324,1386,8557,2561,2332,57,692,49,387
romkachess,0,2351,2226,66,138,23,55,2646,2470,39,739,159,859,2598,2512,31,431,53,313
rud_makarian,0,2601,2525,72,22,11,10,3030,2939,22,4279,1073,4027,2726,2726,100,34,8,30
rynos0411,2223,2377,2229,72,549,80,362,2650,2494,40,5755,727,4532,2647,2454,60,4546,492,3403
safikiet,2366,2467,2332,90,13,3,7,2533,2409,51,1207,152,863,2504,2295,56,147,16,121
saihanthiha,2161,2405,2290,77,730,52,536,2628,2529,25,5332,586,4545,2603,2545,28,1607,124,1350
salem-ar,0,2706,2675,60,41,13,31,3112,3005,46,4475,842,3270,3129,3099,45,1509,166,1098
sam_chessmood,2624,2635,2598,59,127,42,39,2975,2936,44,1193,402,826,2949,2853,44,76,12,71
samcopeland,2310,2371,2279,80,79,6,32,2436,2289,30,3975,386,2161,2337,2230,75,4535,332,3582
sammed_shete,2412,2457,2326,138,11,1,5,2744,2661,54,2504,417,2676,2725,2484,85,2434,193,2648
sandager,0,1999,1999,129,3,0,5,2197,2197,66,6306,519,7118,0,0,0,0,0,0
sankalp_gupta2003,2536,2458,2411,86,23,8,24,2911,2850,42,1545,300,1496,2931,2761,44,3591,455,3860
santoblue,2551,2632,2535,75,64,18,44,3065,2782,26,6927,1208,6675,3022,2976,53,1368,157,1346
saqochess_twitch,2163,2420,2357,49,103,31,70,2780,2621,30,1062,200,1058,2714,2543,35,866,117,669
sattarov_bobur,2450,2572,2545,60,659,101,105,2851,2800,28,3618,546,2258,2853,2593,52,1986,124,666
sbd1,0,2058,1865,132,19,10,12,2029,1866,93,117,4,82,0,0,0,0,0,0
semen_khanin,2575,2748,2488,74,63,15,24,2960,2827,24,4418,1091,4134,2698,2652,127,44,1,24
sergeiaza,2594,2660,2534,70,33,21,27,2921,2802,51,2318,465,2364,2610,2677,66,568,51,635
shahinyan_chessmood,2479,2453,2453,86,34,10,12,2958,2848,39,814,168,766,2880,2810,68,189,23,247
shanemelaughcm,2223,2255,2216,89,37,7,28,2516,2374,49,711,116,690,2514,2242,62,481,57,415
shield12,2601,2696,2618,58,110,32,57,3017,2934,37,1800,470,1242,3026,2871,39,492,59,280
shimastream,0,2608,2545,76,61,20,39,3087,3011,24,1427,300,817,3021,2980,27,155,24,95
shirovin,1992,2038,1981,76,43,12,60,2202,2116,39,1383,190,1618,1945,1536,67,83,2,88
silverman,0,0,0,0,0,0,0,2012,2012,80,100,7,18,0,0,0,0,0,0
sina_movahed,2339,2526,2482,79,168,20,53,2970,2876,19,7407,869,5744,2854,2846,63,762,40,390
sippp,0,2401,2345,114,19,11,7,2809,2635,77,1060,135,818,2921,2772,19,2189,232,1620
slipperyspeedster,0,2412,2137,84,1194,79,464,2689,2520,41,6770,716,5193,2862,2648,25,10035,691,8900
sndp24onz,0,1770,1729,79,43,8,25,1898,1755,64,95,12,266,1351,1294,195,1,0,39
soldierofgod1,2191,2240,2234,74,163,4,44,2632,2608,65,1160,108,719,2613,2605,82,574,56,347
sordis,2231,2330,2330,232,29,3,8,2566,2475,27,14487,1808,13407,2428,2226,48,4193,296,3770
sosat98,2548,2565,2198,123,5,1,5,2864,2844,44,766,143,594,2749,2664,99,117,6,60
spicycaterpillar,0,2732,2616,67,84,29,58,3101,3059,30,1967,370,1221,3265,3231,23,2278,279,1873
spotbet,2296,2354,2049,113,8,2,10,2498,2355,25,5594,667,5575,2333,2227,54,428,33,382
spriteball,0,2175,2163,66,35,14,39,2522,2459,67,211,45,238,2617,2617,247,1,0,0
stephenzinho,2385,2470,2359,129,18,7,14,2744,2707,29,240,39,231,0,0,0,0,0,0
stevanjovic,2319,2104,1498,77,76,27,24,2546,2415,44,2581,358,2152,2396,2203,62,1381,72,1194
stregachess,2275,2268,2253,66,61,13,35,2178,2058,29,2559,351,2144,1999,1807,46,10718,544,9505
sucof4reve,2154,2164,2164,127,25,0,7,2040,2036,91,125,12,73,1934,1918,96,81,5,56
susal_de_silva,0,2384,2339,63,179,35,65,2840,2689,30,4014,745,3980,2872,2651,55,1344,139,1128
suyu28,2356,2341,2270,98,53,2,21,2877,2703,40,2002,232,1611,2744,2636,84,508,38,387
synctel,2201,1962,1842,91,6,1,12,2166,1931,46,2027,203,1894,1863,1501,65,2342,123,2058
szefru,2100,2212,2158,61,906,55,210,2394,2370,36,1417,161,1091,2376,2292,57,606,55,364
talstactician,2160,2218,2132,77,124,15,62,2399,2314,39,1482,144,1121,2315,2293,40,1203,96,913
tandercat,2002,2153,2130,58,214,18,149,2021,1955,45,625,39,603,1657,1650,67,29,0,18
tdf98pantani,2454,2157,2157,247,1,0,0,2811,2688,32,3625,504,3311,0,0,0,0,0,0
th3d4rkness,2045,2334,2120,64,453,80,294,2202,2103,37,4715,558,3535,2140,2065,97,57,4,37
the_machine04,2432,2555,2377,65,101,18,38,2689,2566,41,1347,217,1117,2728,2673,19,2075,177,914
thechesscorner64,2271,2325,2325,53,302,38,103,2571,2473,23,5961,977,5211,2549,2535,82,12196,1272,10168
themagician,2250,2315,2151,71,1236,59,116,2374,2073,21,44967,4462,27566,2177,1628,38,26450,803,22739
themind1hunter,0,2593,2389,90,20,8,10,2686,2500,64,3331,356,2723,2684,2593,116,44,11,24
tigrvshlyape,2660,2659,2591,62,194,102,59,2981,2976,31,3102,1024,1081,2863,2693,48,214,40,200
tijanablagojevic,2338,2276,2162,139,19,4,13,2652,2626,90,208,39,183,2386,2310,78,101,14,128
tobias_koelle,2447,2664,2439,103,12,5,7,2887,2849,27,313,65,286,3050,3003,19,1015,140,717
tptagain,0,2746,2573,51,45,28,20,3039,2976,30,1460,315,804,3016,2879,50,71,11,31
trahtarbelarus,0,2445,2445,86,12,1,8,2909,2826,47,1242,240,901,2928,2901,44,1119,145,877
treadstone_71,0,2348,2348,181,9,0,0,2397,2328,50,4221,362,3716,2270,2262,51,1798,115,1475
triumphmate,2270,2413,2384,78,42,5,22,2717,2455,42,1562,210,1013,2755,2565,29,3801,386,3548
turbosteen,2165,2105,2040,49,29,9,37,2200,1926,47,1367,257,815,1812,1673,93,9,0,7
tuschesscm1,0,2525,2388,67,1043,60,160,2676,2676,63,765,71,196,2751,2751,88,1576,108,466
ukchessbomber,0,2383,2383,58,135,16,102,2716,2684,62,2234,296,2013,2901,2709,42,2668,282,1850
valentunhulka,2182,2367,2330,80,316,40,157,2803,2767,45,2710,554,3295,2684,2634,61,1423,191,1724
vb84,2598,0,0,0,0,0,0,2807,2803,65,241,42,112,2839,2692,61,128,11,49
vi_pranav,2547,2784,2654,58,52,5,26,3066,3022,33,3170,406,2265,3216,2969,38,5629,498,5530
viditchess,2726,2754,2644,68,85,61,38,3089,3015,50,1037,257,490,3120,2931,55,438,71,236
viktorskliarov,2450,2445,2407,49,201,58,74,2697,2627,32,1798,347,794,2741,2660,42,416,39,152
vinceblitzsociety,0,2321,2272,68,130,13,36,2771,2589,30,6572,1180,4581,2646,2548,65,209,19,108
vincent_vega95,0,2534,2519,78,79,8,27,2843,2748,45,2197,454,1632,2649,2649,67,82,5,36
vinniethepooh,2496,2487,2483,62,156,53,123,2939,2828,32,3415,883,3133,2858,2705,48,3918,614,4065
vishnuprasanna,2526,2401,2096,144,12,1,10,2825,2661,85,1984,171,1372,2737,2674,73,1077,37,803
vitorbronson,0,1765,1765,324,1,0,0,2600,2481,34,1525,279,1648,2503,2503,48,215,38,212
vlad_lukiianchuk,0,2465,2317,115,9,0,6,2718,2640,31,1825,299,2027,2819,2682,55,246,30,230
vladimirbelous,2588,2787,2340,93,49,1,12,2907,2883,69,1066,167,626,2903,2811,97,964,80,686
vladislavkovalev,2703,2842,2596,66,173,86,108,2966,2845,50,1649,396,1309,2848,2786,75,742,113,680
vneimer,2400,2456,2410,96,44,8,8,2567,2382,67,453,70,304,2612,2576,108,246,36,130
volodar_murzin,2465,2512,2431,100,18,12,7,2882,2847,55,730,110,445,2850,2741,103,85,3,21
volodymyrmolyboha,2274,2417,2189,97,18,7,10,2649,2532,19,6449,958,4944,2315,2431,38,199,18,108
volunteers1998,2005,2272,2229,46,1019,187,73,2336,2183,49,1937,410,589,1935,1935,117,19,6,4
vrml20,2200,2011,1906,192,2,1,1,2714,2599,41,1724,635,1843,2730,2547,26,4775,833,3741
vserguei,2490,2708,2413,79,113,28,39,2886,2857,79,432,89,312,2374,2465,73,14,0,11
vugarrasulov,2511,2621,2522,55,140,34,43,2967,2912,39,6132,1056,2505,2957,2703,83,1211,119,462
wadsy27,2416,2604,2370,75,46,14,19,2667,2592,56,4362,646,3578,2639,2508,51,792,114,564
washmachine,0,2388,2366,85,66,9,29,2761,2543,43,1048,179,819,2703,2539,27,612,100,512
wiselife66,2208,2147,2147,96,60,2,18,2308,2292,120,272,51,184,0,0,0,0,0,0
wonderfultime,2542,2683,2635,56,75,27,23,3085,3000,31,8204,1716,4855,3357,3132,21,13531,2174,13284
wtfai,2397,2417,2269,106,47,16,23,2478,2422,43,2826,407,2136,2566,2163,44,93,8,97
xberli,0,2606,2338,123,35,8,8,2677,2615,42,2113,302,1891,2717,2519,35,1306,134,1206
xdps,0,2521,2469,82,148,18,45,2927,2878,39,4850,671,2998,2941,2930,67,1426,166,895
xuyinglun,2554,2560,2508,82,11,10,10,2905,2900,29,1046,252,696,2787,2715,122,515,60,415
ybothg,2200,2248,2243,76,177,23,74,2413,2374,47,519,78,355,2476,2417,47,637,86,455
ymoy,0,2456,2456,182,8,0,0,2836,2811,46,366,56,223,2760,2744,58,506,35,229
yobdc,0,2396,2317,94,178,22,71,2690,2606,72,911,115,454,2479,2355,163,337,38,300
yoredea,0,2502,2502,348,1,0,0,2742,2532,57,1177,173,1072,2726,2642,54,1103,127,1056
yosephtaher,2455,2324,2312,63,59,29,28,2916,2855,89,994,112,449,3082,2995,69,2249,138,954
youngmegamind,2346,2373,2309,76,44,11,28,2590,2534,33,434,70,323,2451,2451,34,570,73,440
zaur-mammadov,2465,2639,2349,93,29,11,8,2842,2744,60,577,87,241,2607,2580,65,1080,45,163
zimmm36,2202,2058,2019,120,11,1,2,2686,2580,42,497,75,443,2444,2368,122,74,10,41
zivkovicn,2411,2000,1934,134,6,12,15,2769,2616,36,6061,890,6579,2766,2662,50,633,72,638
